VendorName,Catalogue_VendorName
3M CANADA COMPANY,3M CANADA COMPANY
ABBOTT LABORATORIES CO          MIS,ABBOTT LABORATORIES CO          MIS
ABBOTT MEDICAL CANADA CO,ABBOTT MEDICAL CANADA CO
ABBVIE,ABBVIE
ACKLANDS GRAINGER - LANGLEY,ACKLANDS GRAINGER - LANGLEY
ACME SUPPLIES LIMITED,ACME SUPPLIES LIMITED
ACQUIA INC,ACQUIA INC
ADVANCED CYCLOTRON SYSTEMS INC,ADVANCED CYCLOTRON SYSTEMS INC
AESYNT INC - USE A001331,AESYNT INC - USE A001331
AGILENT TECHNOLOGIES CANADA INC,AGILENT TECHNOLOGIES CANADA INC
"AGILENT TECHNOLOGIES CANADA, INC         AGILENT TECHNOLOGIES INC.",AGILENT TECHNOLOGIES CANADA INC
AGROPUR COOPERATIVE,AGROPUR COOPERATIVE
ALC 21 INC,ALC 21 INC
ALCON CANADA INC,ALCON CANADA INC
ALERT FIRST-AID INC,ALERT FIRST-AID INC
ALLERGAN INC,ALLERGAN INC
AMT SURGICAL FORMERLY AMT VANTAGE GROUP INC,AMT SURGICAL FORMERLY AMT VANTAGE GROUP INC
ARJO CANADA INC,ARJO CANADA INC
ARTHREX INC/TRIBE MEDICAL,ARTHREX INC/TRIBE MEDICAL
ASSOCIATED HEALTH SYSTEMS INC,ASSOCIATED HEALTH SYSTEMS INC
BARD CANADA INC,BARD CANADA INC
BARD CANADA INC                 MIS,BARD CANADA INC
BARD CANADA INC.,BARD CANADA INC
BARD CANADA INCORPORATED,BARD CANADA INC
BAUSCH HEALTH CANADA INC,BAUSCH HEALTH CANADA INC
BAXTER CORP,BAXTER CORP
BAXTER CORP HOSPITAL DIV,BAXTER CORP
BAXTER CORPORATION,BAXTER CORP
BAXTER CORPORATION             CIVA,BAXTER CORP
BAYER INC,BAYER INC
BDM HEALTHWARE INC,BDM HEALTHWARE INC
BECKMAN COULTER CANADA LP,BECKMAN COULTER CANADA LP
BECKMAN COULTER CANADA LP CHEMISTRY,BECKMAN COULTER CANADA LP
BECTON DICKINSON CANADA INC,BECTON DICKINSON CANADA INC
BECTON DICKINSON CANADA INC.,BECTON DICKINSON CANADA INC
BEST THERATRONICS LTD                    was MDS NORDION INC.,BEST THERATRONICS LTD                    was MDS NORDION INC.
BIOMERIEUX CANADA INC,BIOMERIEUX CANADA INC
BIO-RAD LABORATORIES (CANADA) LTD.       CLICK LOCATION,BIO-RAD LABORATORIES CANADA LTD
BIO-RAD LABORATORIES CANADA LTD,BIO-RAD LABORATORIES CANADA LTD
BIO-RAD LABORATORIES LTD DIAGNOSTICS GROUP,BIO-RAD LABORATORIES CANADA LTD
GENESYS LABORATORIES CANADA INC,BIO-RAD LABORATORIES CANADA LTD
BOMIMED INC,BOMIMED INC
BOMIMED INC                              was BRATHWAITES OLIVIER MEDICAL INC.,BOMIMED INC                              was BRATHWAITES OLIVIER MEDICAL INC.
BOWERS MEDICAL SUPPLY CO,BOWERS MEDICAL SUPPLY CO
BOWERS MEDICAL SUPPLY DIV OF RADION LABORATORIES LTD,BOWERS MEDICAL SUPPLY DIV OF RADION LABORATORIES LTD
BRISTOL MYERS SQUIBB CANADA INC,BRISTOL MYERS SQUIBB CANADA INC
BRITISH COLUMBIA INSTITUTE OF TECHNOLOGY SELECT LOCATION,BRITISH COLUMBIA INSTITUTE OF TECHNOLOGY SELECT LOCATION
BTG INTERNATIONAL INC SUITE 300,BTG INTERNATIONAL INC SUITE 300
BUNZL CANADA INC,BUNZL CANADA INC
CAMFIL CANADA INC.,CAMFIL CANADA INC.
CAMPANA SYSTEMS INC,CAMPANA SYSTEMS INC
CANADIAN HOSP SPECIALTIES                DO NOT CHANGE NAME per G FONG/PB,CANADIAN HOSP SPECIALTIES                DO NOT CHANGE NAME per G FONG/PB
CANADIAN HOSPITAL SPECIALTIES LTD,CANADIAN HOSPITAL SPECIALTIES LTD
CANON MEDICAL SYSTEMS CANADA LIMITED,CANON MEDICAL SYSTEMS CANADA LIMITED
CANON MEDICAL SYSTEMS CANADA LTD,CANON MEDICAL SYSTEMS CANADA LIMITED
CANTEL (CANADA) INC,CANTEL (CANADA) INC
CANTEL CANADA INC,CANTEL CANADA INC
CAPRI CENTRE MALL ADMIN OFFICE,CAPRI CENTRE MALL ADMIN OFFICE
CARDINAL HEALTH CANADA INC,CARDINAL HEALTH CANADA INC
CARDIOMED SUPPLIES INC,CARDIOMED SUPPLIES INC
CARDON REHABILITATION & MEDICAL          former CARDON REHABILITATION VID 1365,CARDON REHABILITATION & MEDICAL          former CARDON REHABILITATION VID 1365
CARE POINT MEDICAL & WELLNESS INC,CARE POINT MEDICAL & WELLNESS INC
CARESTREAM HEALTH CANADA COMPANY FORMERLY KODAK CANADA INC       TOR,CARESTREAM HEALTH CANADA COMPANY FORMERLY KODAK CANADA INC       TOR
CARESTREAM MEDICAL LTD - USER000278,CARESTREAM MEDICAL LTD - USER000278
CARESTREAM MEDICAL LTD.,CARESTREAM MEDICAL LTD - USER000278
CARSON AIR LTD                           BCA  DBA 600897 BC LTD,CARSON AIR LTD                           BCA  DBA 600897 BC LTD
CENTENNIAL FOODSERVICE,CENTENNIAL FOODSERVICE
CENTURY GROUP INC,CENTURY GROUP INC
CERNER CANADA ULC,CERNER CANADA ULC
CERNER TECHNOLOGIES,CERNER TECHNOLOGIES
CGI INFORMATION SYSTEMS AND MANAGEMENT CONSULTANTS INC,CGI INFORMATION SYSTEMS AND MANAGEMENT CONSULTANTS INC
CHARLES RIVER LABORATORIES               SAINT-CONSTANT S.A.,CHARLES RIVER LABORATORIES               SAINT-CONSTANT S.A.
CHARTER TELECOM INC,CHARTER TELECOM INC
CHIEF MEDICAL SUPPLIES LTD,CHIEF MEDICAL SUPPLIES LTD
CHRISTIE INNOMED INC,CHRISTIE INNOMED INC
CITY ELECTRIC SUPPLY,CITY ELECTRIC SUPPLY
"CIVCO RADIOTHERAPY                       MEDTECH INC, DBA","CIVCO RADIOTHERAPY                       MEDTECH INC, DBA"
CIVICA UK LIMITED,CIVICA UK LIMITED
CIVICA UK LTD CASTLEGATE HOUSE,CIVICA UK LTD CASTLEGATE HOUSE
COAST FOUNDATION SOCIETY (1974)          programs KEEP SEPARATE FR VID 10161,COAST FOUNDATION SOCIETY (1974)          programs KEEP SEPARATE FR VID 10161
CONMED CANADA - USER000841,CONMED CANADA - USER000841
CONMED CANADA,CONMED CANADA DBA
CONMED CANADA DBA,CONMED CANADA DBA
CONMED CANADA DBA LINVATEC CANADA ULC,CONMED CANADA DBA
CONVATEC CANADA,CONMED CANADA DBA
CONTEMPORARY OFFICE INTERIORS LTD,CONTEMPORARY OFFICE INTERIORS LTD
GRAPHIC OFFICE INTERIORS LTD,CONTEMPORARY OFFICE INTERIORS LTD
COOK (CANADA) INC,COOK (CANADA) INC
COOK CANADA INC,COOK CANADA INC
CPDN,CPDN
CRYOLIFE CANADA INC,CRYOLIFE CANADA INC
CRYOLIFE INC,CRYOLIFE CANADA INC
CTECH GLOBAL PTE LTD,CTECH GLOBAL PTE LTD
CURIUM CANADA INC,CURIUM CANADA INC
DELOITTE LLP,DELOITTE LLP
DENS'N DENTE INC,DENS'N DENTE INC
DEVCO MANAGEMENT LTD,DEVCO MANAGEMENT LTD
DIAGNOSTIX LTD,DIAGNOSTIX LTD
DIALOG BC INC,DIALOG BC INC
DIGICERT INC.,DIGICERT INC.
DJO GLOBAL,DJO GLOBAL
DOMINION BIOLOGICALS LTD,DOMINION BIOLOGICALS LTD
DRAEGER MEDICAL CANADA INC,DRAEGER MEDICAL CANADA INC
EBBTIDES MEDICAL INC,EBBTIDES MEDICAL INC
E-COMM EMERGENCY COMMUNICATIONS FOR      BRITISH COLUMBIA INCORP.;BCA,E-COMM EMERGENCY COMMUNICATIONS FOR      BRITISH COLUMBIA INCORP.;BCA
EDWARDS LIFESCIENCES (CANADA) INC,EDWARDS LIFESCIENCES CANADA INC
EDWARDS LIFESCIENCES (CANADA) INC.,EDWARDS LIFESCIENCES CANADA INC
EDWARDS LIFESCIENCES CANADA INC,EDWARDS LIFESCIENCES CANADA INC
EDWARDS LIFESCIENCES CANADA INC CARDIOVASCULAR GROUP,EDWARDS LIFESCIENCES CANADA INC
ELLISDON INFRASTRUCTURE RIH GENERAL PARTNERSHIP,ELLISDON INFRASTRUCTURE RIH GENERAL PARTNERSHIP
ENTITY MECHANICAL LTD,ENTITY MECHANICAL LTD
ESBE SCIENTIFIC,ESBE SCIENTIFIC
ESC AUTOMATION INC,ESC AUTOMATION INC
EXCELLERIS TECHNOLOGIES,EXCELLERIS TECHNOLOGIES
FIBERTECH CANADA,FIBERTECH CANADA
FIRST DATABANK INC,FIRST DATABANK INC
FISHER & PAYKEL HEALTHCARE INC,FISHER & PAYKEL HEALTHCARE INC
BOSTON SCIENTIFIC LTD,FISHER SCIENTIFIC LTD
BOSTON SCIENTIFIC LTD.,FISHER SCIENTIFIC LTD
FISHER SCIENTIFIC,FISHER SCIENTIFIC LTD
FISHER SCIENTIFIC               VAN,FISHER SCIENTIFIC LTD
FISHER SCIENTIFIC CO LTD                 PART OF THERMO FISHER SCIENTIFIC,FISHER SCIENTIFIC LTD
FISHER SCIENTIFIC LTD,FISHER SCIENTIFIC LTD
THERMO FISHER SCIENTIFIC,FISHER SCIENTIFIC LTD
FLYNN CANADA LTD,FLYNN CANADA LTD
FRESENIUS MEDICAL CARE CANADA,FRESENIUS MEDICAL CARE CANADA
FRONTLINE MEDICAL SUPPLY LTD,FRONTLINE MEDICAL SUPPLY LTD
FUJIFILM SONOSITE CANADA INC,FUJIFILM SONOSITE CANADA INC
FUJIFILM SONOSITE INC,FUJIFILM SONOSITE CANADA INC
GALEN MEDICAL LTD SUBSIDIARY OF PACIFIC SURGICAL LTD,GALEN MEDICAL LTD SUBSIDIARY OF PACIFIC SURGICAL LTD
GE HEALTHCARE BIO-SCIENCES COMPANY       ALL PO TO CANADA FOR DISTRIBUTION,GE HEALTHCARE BIO-SCIENCES COMPANY       ALL PO TO CANADA FOR DISTRIBUTION
CHANGE HEALTHCARE CANADA COMPANY,GE HEALTHCARE CANADA GENERAL ELECTRIC CANADA
GE HEALTHCARE CANADA,GE HEALTHCARE CANADA GENERAL ELECTRIC CANADA
GE HEALTHCARE CANADA DBA                 GENERAL ELECTRIC CANADA,GE HEALTHCARE CANADA GENERAL ELECTRIC CANADA
GE HEALTHCARE CANADA DIV OF GENERAL ELECTRIC CANADA,GE HEALTHCARE CANADA GENERAL ELECTRIC CANADA
GE HEALTHCARE CANADA GENERAL ELECTRIC CANADA,GE HEALTHCARE CANADA GENERAL ELECTRIC CANADA
GE HEALTHCARE CANADA INC,GE HEALTHCARE CANADA GENERAL ELECTRIC CANADA
GENESIS INTEGRATION INC,GENESIS INTEGRATION INC
GETINGE CANADA LTD,GETINGE CANADA LTD
GETINGE GROUP,GETINGE GROUP
GFS BRITISH COLUMBIA                     Was GORDON FOOD SERVICE / NEPTUNE,GFS BRITISH COLUMBIA                     Was GORDON FOOD SERVICE / NEPTUNE
GO WIRELESS INCORPORATED,GO WIRELESS INCORPORATED
GREEN AND GOLD CLEANING LTD,GREEN AND GOLD CLEANING LTD
GREEN IGNITE INC,GREEN IGNITE INC
HANDICARE CANADA LTD,HANDICARE CANADA LTD
HAZMASTERS ENVIRONMENTAL CONTROLS INC,HAZMASTERS ENVIRONMENTAL CONTROLS INC
HEALTH CARE RELOCATIONS,HEALTH CARE RELOCATIONS
HEALTHMARK LTD,HEALTHMARK LTD
HEALTHSPACE DATA SYSTEMS LTD,HEALTHSPACE DATA SYSTEMS LTD
HELIJET INTERNATIONAL INC.               FORMER VID 4372,HELIJET INTERNATIONAL INC.               FORMER VID 4372
HERITAGE OFFICE FURNISHINGS,HERITAGE OFFICE FURNISHINGS LTD
HERITAGE OFFICE FURNISHINGS LTD,HERITAGE OFFICE FURNISHINGS LTD
HERITAGE OFFICE FURNISHINGS LTD KEL,HERITAGE OFFICE FURNISHINGS LTD
HIGH PURITY WATER SERVICES INC,HIGH PURITY WATER SERVICES INC
HME MOBILITY & ACCESSIBILITY,HME MOBILITY & ACCESSIBILITY
HOLLISTER LTD,HOLLISTER LTD
HOLOGIC CANADA ULC,HOLOGIC CANADA ULC
HOLOGIC CANADA ULC                       FOR HOLOGIC CANADA INC ONLY,HOLOGIC CANADA ULC
HONEYWELL LIMITED,HONEYWELL LIMITED
HOULE ELECTRIC LIMITED,HOULE ELECTRIC LTD
HOULE ELECTRIC LTD,HOULE ELECTRIC LTD
IBM CANADA LIMITED,IBM CANADA LIMITED
ICU MEDICAL CANADA INC,ICU MEDICAL CANADA INC
ILLUMINA CANADA INC,ILLUMINA CANADA INC
ILLUMINA CANADA INC                      from VID 58881,ILLUMINA CANADA INC
INFUSION HEALTH,INFUSION HEALTH
INNOVATIVE MECHANICAL (1997) LTD,INNOVATIVE MECHANICAL (1997) LTD
INNOVATIVE MECHANICAL 1997 LTD,INNOVATIVE MECHANICAL (1997) LTD
INSTRUMENTATION LABORATORY (CANADA) LTD,INSTRUMENTATION LABORATORY (CANADA) LTD
INTEGRA CANADA ULC,INTEGRA CANADA ULC
INTER MEDICO,INTER MEDICO
ISLAND KEY COMPUTER LTD,ISLAND KEY COMPUTER LTD
ISOLOGIC RADIOPHARMACEUTIQUES LTD,ISOLOGIC RADIOPHARMACEUTIQUES LTD
IT ONLINE TRAINING LLC,IT ONLINE TRAINING LLC
ITIQ TECH RECRUITERS,ITIQ TECH RECRUITERS
IVASC MEDICAL INC,IVASC MEDICAL INC
JIAYE TRADING CANADA CORP,JIAYE TRADING CANADA CORP
JOHNSON & JOHNSON MEDICAL PROD           do not change name per GFong/PB,JOHNSON & JOHNSON MEDICAL PRODUCTS INC
JOHNSON & JOHNSON MEDICAL PRODUCTS INC,JOHNSON & JOHNSON MEDICAL PRODUCTS INC
JOHNSON & JOHNSON MEDICAL PRODUCTS INC.,JOHNSON & JOHNSON MEDICAL PRODUCTS INC
JOHNSON AND JOHNSON MEDICAL DEVICES COMPANIES,JOHNSON & JOHNSON MEDICAL PRODUCTS INC
JOHNSTON EQUIPMENT RAYMOND               G.N. JOHNSTON EQUIPMENT CO. LTD.DBA,JOHNSTON EQUIPMENT RAYMOND               G.N. JOHNSTON EQUIPMENT CO. LTD.DBA
KARL STORZ ENDOSCOPY CANADA,KARL STORZ ENDOSCOPY CANADA
KCI MEDICAL CANADA INC,KCI MEDICAL CANADA INC
KCI MEDICAL CANADA INC ACELITY COMPANIES,KCI MEDICAL CANADA INC ACELITY COMPANIES
KCI MEDICAL CANADA INC KINETIC CONCEPTS INC,KCI MEDICAL CANADA INC KINETIC CONCEPTS INC
KEIR SURGICAL LTD,KEIR SURGICAL LTD
KNIGHT HILL AUTOMOTIVE LTD               BCA,KNIGHT HILL AUTOMOTIVE LTD               BCA
LAH SOURCING LTD,LAH SOURCING LTD
LANIER HEALTHCARE CANADA,LANIER HEALTHCARE CANADA
LANIER HEALTHCARE CANADA       MAIN,LANIER HEALTHCARE CANADA
LANTHEUS MEDICAL IMAGING,LANTHEUS MEDICAL IMAGING
LANTHEUS MI CANADA INC,LANTHEUS MI CANADA INC
LEICA MICROSYSTEMS CANADA INC,LEICA MICROSYSTEMS CANADA INC
LEMAITRE VASCULAR ULC,LEMAITRE VASCULAR ULC
"LIFE CHEMICALS, INC","LIFE CHEMICALS, INC"
LIFE TECHNOLOGIES INC,LIFE TECHNOLOGIES INC FORMERLY INVITROGEN
LIFE TECHNOLOGIES INC                    former INVITROGEN & APPLIED BIOSYSTEMS,LIFE TECHNOLOGIES INC FORMERLY INVITROGEN
LIFE TECHNOLOGIES INC FORMERLY INVITROGEN,LIFE TECHNOLOGIES INC FORMERLY INVITROGEN
LIFE TECHNOLOGIES INC INVITROGEN CANADA INC,LIFE TECHNOLOGIES INC FORMERLY INVITROGEN
LIFEGUARD HEALTH INC,LIFEGUARD HEALTH INC
LIVANOVA CANADA CORP,LIVANOVA CANADA CORP
LONG VIEW SYSTEMS CORP,LONG VIEW SYSTEMS CORPORATION
LONG VIEW SYSTEMS CORPORATION,LONG VIEW SYSTEMS CORPORATION
LONG VIEW SYSTEMS CORPORATION            WATCH TAX #,LONG VIEW SYSTEMS CORPORATION
LUMINARIE CANADA INC,LUMINARIE CANADA INC
LUMINEX CORPORATION,LUMINEX CORPORATION
MACQUARIE EQUIPMENT FINANCE LTD.,MACQUARIE EQUIPMENT FINANCE LTD.
MARINE ROOFING 1996 LTD,MARINE ROOFING 1996 LTD
MASIMO CANADA ULC,MASIMO CANADA ULC
MASIMO CANADA ULC ** HAS DIFFERENT SHIP TO ADDRESS **,MASIMO CANADA ULC ** HAS DIFFERENT SHIP TO ADDRESS **
MCARTHUR MEDICAL SALES INC,MCARTHUR MEDICAL SALES INC
MCKESSON APS,MCKESSON CANADA
MCKESSON CANADA,MCKESSON CANADA
MCKESSON CANADA                NARC formerly MEDIS,MCKESSON CANADA
MCKESSON DISTRIBUTION PARTNERS,MCKESSON DISTRIBUTION PARTNERS
MCKESSON SPECIALIZED DISTRIBUTION INC,MCKESSON SPECIALIZED DISTRIBUTION INC
MED2020 HEALTH CARE SOFTWARE INC,MED2020 HEALTH CARE SOFTWARE INC
MEDELA CANADA INC,MEDELA CANADA INC
MEDICAL INFORMATION TECHNOLOGY INC,MEDICAL INFORMATION TECHNOLOGY INC
MEDICAL MART SUPPLIES WEST LTD,MEDICAL MART SUPPLIES WEST LTD
MEDICAL MART WEST,MEDICAL MART WEST
MEDITEK (MB),MEDITEK (MB)
MEDLINE CANADA CORP,MEDLINE CANADA CORP
MEDLINE CANADA CORPORATION,MEDLINE CANADA CORP
MEDLINE CANADA INC,MEDLINE CANADA CORP
MEDQUEST MEDICAL INC,MEDQUEST MEDICAL INC
QUEST MEDICAL INC,MEDQUEST MEDICAL INC
MEDTRONIC CANADA ULC,MEDTRONIC CANADA ULC
MEDTRONIC OF CANADA ULC,MEDTRONIC CANADA ULC
MEDWERKS SYSTEMS INC,MEDWERKS SYSTEMS INC
MERCK CANADA INC               PHAR,MERCK CANADA INC               PHAR
MERIT MEDICAL SYSTEMS INC,MERIT MEDICAL SYSTEMS INC
MESSER CANADA INC,MESSER CANADA INC
MICROSERVE BUSINESS COMPUTER SERVICES,MICROSERVE BUSINESS COMPUTERS
MICROSERVE BUSINESS COMPUTER SVS,MICROSERVE BUSINESS COMPUTERS
MICROSERVE BUSINESS COMPUTERS,MICROSERVE BUSINESS COMPUTERS
MINDRAY MEDICAL SYSTEMS CANADA,MINDRAY MEDICAL SYSTEMS CANADA
MINISTER OF FINANCE             ACC MINISTRY OF TECHNOLOGY,MINISTER OF FINANCE             ACC MINISTRY OF TECHNOLOGY
MINISTER OF FINANCE MINISTRY OF LABOUR & CITIZENS,MINISTER OF FINANCE             ACC MINISTRY OF TECHNOLOGY
MIP INC MED I PANT INC,MIP INC MED I PANT INC
MOTION SPECIALTIES INC,MOTION SPECIALTIES INC
NATIONAL FOOD DISTRIBUTION CENTRE,NATIONAL FOOD DISTRIBUTION CENTRE
NELSON ROOFING & SHEET METAL LTD,NELSON ROOFING & SHEET METAL LTD
NEVIK CONSULTING,NEVIK CONSULTING
NEW ENGLAND BIOLABS LTD.,NEW ENGLAND BIOLABS LTD.
"NEWCOMP INC                              NEWCOMP ANALYTICS INC, DBA","NEWCOMP INC                              NEWCOMP ANALYTICS INC, DBA"
NLYTE SOFTWARE AMERICAS LIMITED          A DIVISION OF NLYTE SOFTWARE LTD,NLYTE SOFTWARE AMERICAS LIMITED          A DIVISION OF NLYTE SOFTWARE LTD
NORTH CARIBOO AIR                        NORTH CARIBOO FLYING SERVICE LTD DBA,NORTH CARIBOO AIR                        NORTH CARIBOO FLYING SERVICE LTD DBA
"NORTH OKANAGAN,REGIONAL DISTRICT","NORTH OKANAGAN,REGIONAL DISTRICT"
NORTHERN THUNDERBIRD AIR INC             BCA,NORTHERN THUNDERBIRD AIR INC             BCA
NOVA BIOMEDICAL CANADA LTD,NOVA BIOMEDICAL CANADA LTD
NOVARI HEALTH INC,NOVARI HEALTH INC
NOVO TEXTILE COMPANY LTD,NOVO TEXTILE COMPANY LTD
NUCLEUSLABS INFORMATION TECHNOLOGIES (CANADA) LTD.,NUCLEUSLABS INFORMATION TECHNOLOGIES (CANADA) LTD.
NUCLEUSLABS INFORMATION TECHNOLOGIES CANADA LTD,NUCLEUSLABS INFORMATION TECHNOLOGIES (CANADA) LTD.
NUTRICIA NORTH AMERICA INC               SEE COMMENT,NUTRICIA NORTH AMERICA INC               SEE COMMENT
OLYMPUS CANADA INC,OLYMPUS CANADA INC
OMNICELL INC,OMNICELL INC
ONE LAMBDA INC,ONE LAMBDA INC
ORACLE CANADA ULC                        former ORACLE CORPORATION CANADA INC.,ORACLE CANADA ULC                        former ORACLE CORPORATION CANADA INC.
ORACLE CANADA ULC.,ORACLE CANADA ULC                        former ORACLE CORPORATION CANADA INC.
ORTHO CLINICAL DIAGNOSTICS CANADA HOLDING CORPORATION,ORTHO CLINICAL DIAGNOSTICS CANADA HOLDING CORPORATION
P R BRIDGE SYSTEMS LTD,P R BRIDGE SYSTEMS LTD
PALADIN TECHNOLOGIES,PALADIN TECHNOLOGIES
PEAK APPAREL LTD,PEAK APPAREL LTD
PENTAX CANADA INC,PENTAX CANADA INC
PENUMBRA INC,PENUMBRA INC
"PENUMBRA, INC",PENUMBRA INC
PERKINELMER,PERKINELMER
PG SURG MED LTD                 KAM,PG SURG MED LTD                 KAM
"PHILIPS ELECTRONICS LTD, CMS DIVISION    PHILIPS MEDICAL OR PHILIPS HEALTHCARE",PHILIPS HEALTHCARE
PHILIPS HEALTHCARE,PHILIPS HEALTHCARE
PHILIPS HEALTHCARE A DIVISION OF PHILIPS ELECTRONICS,PHILIPS HEALTHCARE
PHILIPS HEALTHCARE LTD CANADA,PHILIPS HEALTHCARE
PIXALERE HEALTHCARE INC,PIXALERE HEALTHCARE INC
PRAXAIR CANADA INC,PRAXAIR CANADA INC
PRIME REDUX CONSTRUCTION LTD,PRIME REDUX CONSTRUCTION LTD
PRIMED MEDICAL PRODUCTS INC,PRIMED MEDICAL PRODUCTS INC
PRO PACIFIC RESTORATION,PRO PACIFIC RESTORATION
PROACTIVE HAZMAT & ENVIRONMENTAL LTD,PROACTIVE HAZMAT & ENVIRONMENTAL LTD
PROCURA DEVELUS SYSTEMS INC,PROCURA DEVELUS SYSTEMS INC
PROVINCIAL HEALTH SERVICES      FIN AUTHORITY,PROVINCIAL HEALTH SERVICES AUTHORITY
PROVINCIAL HEALTH SERVICES AUTH,PROVINCIAL HEALTH SERVICES AUTHORITY
PROVINCIAL HEALTH SERVICES AUTHORITY,PROVINCIAL HEALTH SERVICES AUTHORITY
QIAGEN INC,QIAGEN INC
RADIOMETER CANADA LP,RADIOMETER CANADA LP
RICHMOND ELEVATOR MAINTENANCE LTD,RICHMOND ELEVATOR MAINTENANCE LTD
ROBBINS PARKING SERVICE LTD,ROBBINS PARKING SERVICE LTD
GE MEDICAL DIAGNOSTICS,ROCHE DIAGNOSTICS
ROCHE DIAGNOSTICS,ROCHE DIAGNOSTICS
ROCHE DIAGNOSTICS A DIVISION OF HOFFMANN-LA ROCHE LTD,ROCHE DIAGNOSTICS
ROYAL PRINTERS,ROYAL PRINTERS
RUSSELL HENDRIX FOODSERVICE EQUIPMENT,RUSSELL HENDRIX FOODSERVICE EQUIPMENT
SAHURI + ASSOCIATES ARCHITECTUER INC,SAHURI + ASSOCIATES ARCHITECTUER INC
SALUS GLOBAL CORPORATION,SALUS GLOBAL CORPORATION
"SAP CANADA, INC","SAP CANADA, INC"
SEEGENE CANADA INC,SEEGENE CANADA INC
SELFCARE HOME HEALTH PRODUCTS LTD,SELFCARE HOME HEALTH PRODUCTS LTD
SGO COMPANY,SGO COMPANY
SIEMENS CANADA LIMITED,SIEMENS HEALTHCARE LIMITED
SIEMENS HEALTHCARE LIMITED,SIEMENS HEALTHCARE LIMITED
SIEMENS HEALTHCARE LIMITED               FORMER SIEMENS CANADA LTD,SIEMENS HEALTHCARE LIMITED
SIEMENS HEALTHCARE LTD,SIEMENS HEALTHCARE LIMITED
SIEMENS HEALTHCARE LTD LABORATORY DIAGNOSTICS,SIEMENS HEALTHCARE LIMITED
SIEMENS HEALTHCARE LTD IMAGING AND CLINICAL PRODUCTS,SIEMENS HEALTHCARE LTD IMAGING AND CLINICAL PRODUCTS
SLEEPWORKS MEDICAL INC,SLEEPWORKS MEDICAL INC
SMITH & NEPHEW SURGICAL DIV,SMITH & NEPHEW SURGICAL DIV
SMITHS MEDICAL CANADA LTD,SMITHS MEDICAL CANADA LTD
SOFTLANDING NETWORK SOLUTIONS INC.,SOFTLANDING NETWORK SOLUTIONS INC.
SOMAGEN DIAGNOSTICS INC,SOMAGEN DIAGNOSTICS INC
SOMAGEN DIAGNOSTICS INC.,SOMAGEN DIAGNOSTICS INC
SOUTHMEDIC INC,SOUTHMEDIC INC
SPECTRAMEDX INC,SPECTRAMEDX INC
STAGO CANADA LTD,STAGO CANADA LTD
STELLAR RECRUITMENT INC,STELLAR RECRUITMENT INC
STERIS/AMSCO CANADA INC,STERIS/AMSCO CANADA INC
STEVENS CO LTD,STEVENS CO LTD
STEVENS COMPANY LIMITED,"STEVENS COMPANY LIMITED, THE"
"STEVENS COMPANY LIMITED, THE","STEVENS COMPANY LIMITED, THE"
"STEVENS COMPANY LTD,THE","STEVENS COMPANY LIMITED, THE"
STRATA HEALTH SOLUTIONS INC,STRATA HEALTH SOLUTIONS INC
STRYKER CANADA STRYKER - MEDICAL DIV (BERTEC),STRYKER CANADA ULC
STRYKER CANADA ULC,STRYKER CANADA ULC
STRYKER SUSTAINABILITY SOLUTIONS FORMERLY ASCENT HEALTHCARE,STRYKER SUSTAINABILITY SOLUTIONS FORMERLY ASCENT HEALTHCARE
SUDDEN SERVICE TECHNOLOGIES CORP,SUDDEN SERVICE TECHNOLOGIES CORP
SUDDEN SERVICE TECHNOLOGIES CORP         do not change name per GFong/PB,SUDDEN SERVICE TECHNOLOGIES CORP
SUDDEN TECHNOLOGIES,SUDDEN SERVICE TECHNOLOGIES CORP
SUDDEN TECHNOLOGIES CORP,SUDDEN SERVICE TECHNOLOGIES CORP
SUMMIT HELICOPTER LTD                    FORMER CC HELICOPTER (2011) LTD-SEP02/14,SUMMIT HELICOPTER LTD                    FORMER CC HELICOPTER (2011) LTD-SEP02/14
SYSMEX CANADA INC,SYSMEX CANADA INC
SYSMEX CANADA INC.,SYSMEX CANADA INC
"SYSMEX CANADA, INC",SYSMEX CANADA INC
TEEMA SOLUTIONS GROUP INC,TEEMA SOLUTIONS GROUP INC
TELEFLEX MEDICAL CANADA INC,TELEFLEX MEDICAL CANADA INC
TELETRACKING TECHNOLOGIES INC,TELETRACKING TECHNOLOGIES INC
TELUS                     SERVICE,TELUS                     SERVICE
CARTEL COMMUNICATION SYSTEMS INC,TELUS COMMUNICATIONS INC
TELUS COMMUNICATIONS INC,TELUS COMMUNICATIONS INC
VOCERA COMMUNICATIONS INC,TELUS COMMUNICATIONS INC
TERUMO MEDICAL CANADA INC,TERUMO MEDICAL CANADA INC
THE JOHN HOWARD SOCIETY OF BC,THE JOHN HOWARD SOCIETY OF BC
THERAKOS,THERAKOS
THOMIS ELECTRIC LTD,THOMIS ELECTRIC LTD
TRANE CANADA ULC,TRANE CANADA ULC
TRUDELL HEALTHCARE SOLUTIONS INC,TRUDELL HEALTHCARE SOLUTIONS INC
TRUDELL HEALTHCARE SOLUTIONS INC FORMERLY TRUDELL MEDICAL MARKETING,TRUDELL HEALTHCARE SOLUTIONS INC
UNION HEARING AID CENTRE,UNION HEARING AID CENTRE
UNIQUE MEDICAL SUPPLY LTD,UNIQUE MEDICAL SUPPLY LTD
UNIT4 BUSINESS SOFTWARE CORP,UNIT4 BUSINESS SOFTWARE CORP
VARIAN MEDICAL SYSTEMS INC               CLICK LOCATION,VARIAN MEDICAL SYSTEMS INC               CLICK LOCATION
VERBMED INC,VERBMED INC
VERITIV CANADA INC,VERITIV CANADA INC
VISION CRITICAL,VISION CRITICAL
VITALAIRE HEALTHCARE  **GASES ONLY*,VITALAIRE HEALTHCARE  **GASES ONLY*
VITALAIRE HEALTHCARE - GAS ONLY **confirm ship to site with vendor,VITALAIRE HEALTHCARE - GAS ONLY **confirm ship to site with vendor
VOCANTAS INC,VOCANTAS INC
AFC CONSTRUCTION,VVI CONSTRUCTION LTD
CMF CONSTRUCTION LTD,VVI CONSTRUCTION LTD
KINETIC CONSTRUCTION LTD,VVI CONSTRUCTION LTD
LEDCOR CONSTRUCTION LTD,VVI CONSTRUCTION LTD
TRUE CONSTRUCTION,VVI CONSTRUCTION LTD
VVI CONSTRUCTION LTD,VVI CONSTRUCTION LTD
VWR INTERNATIONAL CO,VWR INTERNATIONAL CO
VWR INTERNATIONAL CO DIV OF VWR SCIENTIFIC CANADA,VWR INTERNATIONAL CO
VWR INTERNATIONAL CO                     do not change name per GFong/PB,VWR INTERNATIONAL CO                     do not change name per GFong/PB
W L GORE & ASSOCIATES CANADA INC,W L GORE & ASSOCIATES CANADA INC
W L GORE AND ASSOCIATES CANADA INC,W L GORE & ASSOCIATES CANADA INC
WL GORE & ASSOCIATES CANADA INC,W L GORE & ASSOCIATES CANADA INC
WEST CARE MEDICAL,WEST CARE MEDICAL
WEST CARE MEDICAL LTD,WEST CARE MEDICAL
WEST KOOTENAY MECHANICAL LTD,WEST KOOTENAY MECHANICAL LTD
WEST WORLD PAPER INC,WEST WORLD PAPER INC
WESTERN MEDICAL CONTRACTING INCORPORATED,WESTERN MEDICAL CONTRACTING INCORPORATED
WOOD WYANT,WOOD WYANT
WRIGHT MEDICAL,WRIGHT MEDICAL
XEROX CANADA INC,XEROX CANADA INC
ZIMMER BIOMET CANADA INC,ZIMMER BIOMET CANADA INC
ZIMMER BIOMET CANADA INC                 Former ZIMMER OF CANADA,ZIMMER BIOMET CANADA INC
ZZ DNU ARAMARK CANADA LTD CARDINAL SEE VENDOR 0019075,ZZ DNU ARAMARK CANADA LTD CARDINAL SEE VENDOR 0019075
